{
  "description": "\u673a\u68b0\u81c2\u672b\u7aef\u548c\u76f8\u673a\u8f68\u8ff9\u53ef\u89c6\u5316\u7edf\u8ba1\u4fe1\u606f",
  "generated_date": "2025-12-17",
  "statistics": [
    {
      "dataset_name": "7obj_4cluster_15",
      "algorithm": "park_martin",
      "num_frames": 15,
      "robot_trajectory": {
        "min": [
          -0.2111700028181076,
          -0.5694000124931335,
          0.1535000056028366
        ],
        "max": [
          0.4030500054359436,
          0.5694000124931335,
          0.5542500019073486
        ],
        "mean": [
          0.029426001466345043,
          0.05268333243827025,
          0.3961980054775874
        ],
        "range": [
          0.6142200082540512,
          1.138800024986267,
          0.400749996304512
        ]
      },
      "camera_trajectory": {
        "min": [
          -0.105240267643511,
          -0.4698404373128011,
          0.1254895837053109
        ],
        "max": [
          0.417853523243787,
          0.4842120732707644,
          0.43288804349687326
        ],
        "mean": [
          0.09150329238370779,
          0.04390358048129648,
          0.31484285505524573
        ],
        "range": [
          0.523093790887298,
          0.9540525105835655,
          0.30739845979156233
        ]
      },
      "end_effector_to_camera_distance": {
        "mean": 0.13652536220400338,
        "std": 0.024595602316831784,
        "min": 0.09515436407664324,
        "max": 0.20003594246073567
      }
    },
    {
      "dataset_name": "7obj_divangs_15",
      "algorithm": "park_martin",
      "num_frames": 15,
      "robot_trajectory": {
        "min": [
          -0.2111700028181076,
          -0.5694000124931335,
          0.15700000524520874
        ],
        "max": [
          0.25600001215934753,
          0.5694000124931335,
          0.5542500019073486
        ],
        "mean": [
          -0.0005919993350592752,
          0.013581329956650734,
          0.4302833378314972
        ],
        "range": [
          0.46717001497745514,
          1.138800024986267,
          0.3972499966621399
        ]
      },
      "camera_trajectory": {
        "min": [
          -0.1420315260089136,
          -0.485092812931955,
          0.1511766892038533
        ],
        "max": [
          0.25593896385885573,
          0.5134202729655748,
          0.47942776819171845
        ],
        "mean": [
          0.03893546506662963,
          0.009588747511573592,
          0.36598922364130393
        ],
        "range": [
          0.39797048986776934,
          0.9985130858975297,
          0.32825107898786515
        ]
      },
      "end_effector_to_camera_distance": {
        "mean": 0.09562472948406704,
        "std": 0.0144436006978888,
        "min": 0.07183297981159853,
        "max": 0.12082193241062616
      }
    },
    {
      "dataset_name": "8obj_4cluster_15",
      "algorithm": "park_martin",
      "num_frames": 15,
      "robot_trajectory": {
        "min": [
          -0.2111700028181076,
          -0.5694000124931335,
          0.1535000056028366
        ],
        "max": [
          0.4030500054359436,
          0.5694000124931335,
          0.5542500019073486
        ],
        "mean": [
          0.029426001466345043,
          0.05268333243827025,
          0.3961980054775874
        ],
        "range": [
          0.6142200082540512,
          1.138800024986267,
          0.400749996304512
        ]
      },
      "camera_trajectory": {
        "min": [
          -0.07318491200689485,
          -0.43315225990699474,
          0.11443381633484623
        ],
        "max": [
          0.40643506504565496,
          0.45751291531859495,
          0.41580177646479966
        ],
        "mean": [
          0.10304217611539059,
          0.04350564065962901,
          0.3046144716631992
        ],
        "range": [
          0.47961997705254983,
          0.8906651752255896,
          0.3013679601299534
        ]
      },
      "end_effector_to_camera_distance": {
        "mean": 0.15375006762341206,
        "std": 0.019008689597236283,
        "min": 0.1154084708172574,
        "max": 0.1853862294356267
      }
    },
    {
      "dataset_name": "8obj_divangs_15",
      "algorithm": "park_martin",
      "num_frames": 15,
      "robot_trajectory": {
        "min": [
          -0.2111700028181076,
          -0.5694000124931335,
          0.15700000524520874
        ],
        "max": [
          0.25600001215934753,
          0.5694000124931335,
          0.5542500019073486
        ],
        "mean": [
          -0.0005919993350592752,
          0.013581329956650734,
          0.4302833378314972
        ],
        "range": [
          0.46717001497745514,
          1.138800024986267,
          0.3972499966621399
        ]
      },
      "camera_trajectory": {
        "min": [
          -0.10527534834221357,
          -0.46750650219437856,
          0.12576563384859296
        ],
        "max": [
          0.2709199428053158,
          0.4867612882496947,
          0.4520054593108924
        ],
        "mean": [
          0.05234133850999902,
          0.014102492759211114,
          0.34954631290342403
        ],
        "range": [
          0.37619529114752936,
          0.9542677904440733,
          0.32623982546229946
        ]
      },
      "end_effector_to_camera_distance": {
        "mean": 0.11504480592766517,
        "std": 0.022264167953669582,
        "min": 0.08834785391641806,
        "max": 0.1737557135662323
      }
    },
    {
      "dataset_name": "shelf_4cluster_15",
      "algorithm": "park_martin",
      "num_frames": 15,
      "robot_trajectory": {
        "min": [
          -0.2111700028181076,
          -0.6073600053787231,
          0.15700000524520874
        ],
        "max": [
          0.4030500054359436,
          0.49277999997138977,
          0.7109500169754028
        ],
        "mean": [
          0.02929333319965129,
          0.047902662431200345,
          0.44831600387891135
        ],
        "range": [
          0.6142200082540512,
          1.100140005350113,
          0.5539500117301941
        ]
      },
      "camera_trajectory": {
        "min": [
          -0.1964798959937945,
          -0.5528734247551728,
          0.20816339461454147
        ],
        "max": [
          0.3869020447831306,
          0.5139109641136217,
          0.6776655682802482
        ],
        "mean": [
          0.0259499138043584,
          0.07213807453066275,
          0.4139587730843319
        ],
        "range": [
          0.5833819407769252,
          1.0667843888687945,
          0.4695021736657067
        ]
      },
      "end_effector_to_camera_distance": {
        "mean": 0.0647663896831925,
        "std": 0.018256097315636967,
        "min": 0.03408249208521397,
        "max": 0.0968774206875096
      }
    },
    {
      "dataset_name": "shelf_divangs_15",
      "algorithm": "park_martin",
      "num_frames": 15,
      "robot_trajectory": {
        "min": [
          -0.2111700028181076,
          -0.4934200048446655,
          0.4112499952316284
        ],
        "max": [
          0.38655000925064087,
          0.49277999997138977,
          0.6903799772262573
        ],
        "mean": [
          0.020076666729679952,
          0.021922663723429044,
          0.5161880036195119
        ],
        "range": [
          0.5977200120687485,
          0.9862000048160553,
          0.2791299819946289
        ]
      },
      "camera_trajectory": {
        "min": [
          -0.11423642222327307,
          -0.39532645682954703,
          0.2959977831017933
        ],
        "max": [
          0.3886893007644363,
          0.43352382671503764,
          0.5344069897539174
        ],
        "mean": [
          0.10074782717764731,
          0.03472646682404446,
          0.3870197183062955
        ],
        "range": [
          0.5029257229877093,
          0.8288502835445847,
          0.23840920665212412
        ]
      },